{
  "region_code": [
    {
      "region_code": "US",
      "control_latency_ms": 60.00244078302933,
      "treatment_latency_ms": 54.13788670574761,
      "latency_diff_ms": -5.864554077281717,
      "control_startup_ms": 95.85648736651984,
      "treatment_startup_ms": 86.64386846351907,
      "startup_diff_ms": -9.212618903000774,
      "control_rebuffer": 0.09136494996499812,
      "treatment_rebuffer": 0.08174789051684479,
      "rebuffer_diff": -0.009617059448153331,
      "control_cache_hit_rate": 0.7984168865435356,
      "treatment_cache_hit_rate": 0.8018830914083954,
      "treatment_total_cost_usd": 4.59969390418743,
      "control_total_cost_usd": 4.560972055394141,
      "latency_lift_pct": -9.773859197641851,
      "startup_lift_pct": -9.610845500498174,
      "rebuffer_lift_pct": -10.525983379663232,
      "cost_diff_usd": 0.03872184879328877
    },
    {
      "region_code": "AU",
      "control_latency_ms": 39.95151603812361,
      "treatment_latency_ms": 35.91173505475472,
      "latency_diff_ms": -4.039780983368885,
      "control_startup_ms": 63.95617296027064,
      "treatment_startup_ms": 57.38239261554186,
      "startup_diff_ms": -6.573780344728782,
      "control_rebuffer": 0.09110654848504833,
      "treatment_rebuffer": 0.08177791609473034,
      "rebuffer_diff": -0.00932863239031799,
      "control_cache_hit_rate": 0.8029901058085458,
      "treatment_cache_hit_rate": 0.7992219109866169,
      "treatment_total_cost_usd": 19.40133331894602,
      "control_total_cost_usd": 18.924594314012687,
      "latency_lift_pct": -10.111708851083241,
      "startup_lift_pct": -10.278570527996402,
      "rebuffer_lift_pct": -10.23925562480169,
      "cost_diff_usd": 0.4767390049333322
    },
    {
      "region_code": "JP",
      "control_latency_ms": 35.249610521098546,
      "treatment_latency_ms": 31.286684027159012,
      "latency_diff_ms": -3.962926493939534,
      "control_startup_ms": 56.266543827429544,
      "treatment_startup_ms": 50.190994002960856,
      "startup_diff_ms": -6.075549824468688,
      "control_rebuffer": 0.09253258198809755,
      "treatment_rebuffer": 0.07989437131410758,
      "rebuffer_diff": -0.012638210673989972,
      "control_cache_hit_rate": 0.7966256269949841,
      "treatment_cache_hit_rate": 0.8073938840712004,
      "treatment_total_cost_usd": 2.549045052553358,
      "control_total_cost_usd": 2.6775052640731234,
      "latency_lift_pct": -11.24246888222364,
      "startup_lift_pct": -10.797801697403884,
      "rebuffer_lift_pct": -13.658119553624498,
      "cost_diff_usd": -0.12846021151976528
    },
    {
      "region_code": "KR",
      "control_latency_ms": 29.960427129634088,
      "treatment_latency_ms": 26.813668127626755,
      "latency_diff_ms": -3.1467590020073324,
      "control_startup_ms": 47.855534626083944,
      "treatment_startup_ms": 42.77911320684379,
      "startup_diff_ms": -5.076421419240155,
      "control_rebuffer": 0.08937196393099048,
      "treatment_rebuffer": 0.08211449293768897,
      "rebuffer_diff": -0.0072574709933015125,
      "control_cache_hit_rate": 0.7991357680512964,
      "treatment_cache_hit_rate": 0.7972783389450057,
      "treatment_total_cost_usd": 4.36596720429851,
      "control_total_cost_usd": 4.316423331144785,
      "latency_lift_pct": -10.50305120281429,
      "startup_lift_pct": -10.60780421513298,
      "rebuffer_lift_pct": -8.120523119426409,
      "cost_diff_usd": 0.049543873153725215
    },
    {
      "region_code": "SG",
      "control_latency_ms": 30.01287830663925,
      "treatment_latency_ms": 27.037074842643783,
      "latency_diff_ms": -2.9758034639954687,
      "control_startup_ms": 48.043843555460846,
      "treatment_startup_ms": 43.26475992395496,
      "startup_diff_ms": -4.779083631505884,
      "control_rebuffer": 0.09081441498803813,
      "treatment_rebuffer": 0.08186067390496912,
      "rebuffer_diff": -0.008953741083069011,
      "control_cache_hit_rate": 0.8000995338161062,
      "treatment_cache_hit_rate": 0.8000706535452939,
      "treatment_total_cost_usd": 59.4314702053332,
      "control_total_cost_usd": 59.13754698828012,
      "latency_lift_pct": -9.915088561623167,
      "startup_lift_pct": -9.947338259872996,
      "rebuffer_lift_pct": -9.859383099311247,
      "cost_diff_usd": 0.2939232170530772
    }
  ],
  "edge_pop": [
    {
      "edge_pop": "LAX",
      "control_latency_ms": 59.892848961454874,
      "treatment_latency_ms": 54.023115953368155,
      "latency_diff_ms": -5.869733008086719,
      "control_startup_ms": 95.69704090642107,
      "treatment_startup_ms": 86.45744297390257,
      "startup_diff_ms": -9.239597932518492,
      "control_rebuffer": 0.0917168933632852,
      "treatment_rebuffer": 0.08199687095401184,
      "rebuffer_diff": -0.00972002240927336,
      "control_cache_hit_rate": 0.7922111866178777,
      "treatment_cache_hit_rate": 0.8085049478470179,
      "treatment_total_cost_usd": 2.147900118441135,
      "control_total_cost_usd": 2.358982657986494,
      "latency_lift_pct": -9.800390380267753,
      "startup_lift_pct": -9.65505081975689,
      "rebuffer_lift_pct": -10.597853953440097,
      "cost_diff_usd": -0.21108253954535883
    },
    {
      "edge_pop": "SJC",
      "control_latency_ms": 60.114134525528925,
      "treatment_latency_ms": 54.247694239817974,
      "latency_diff_ms": -5.866440285710951,
      "control_startup_ms": 96.0189919366683,
      "treatment_startup_ms": 86.8222320524841,
      "startup_diff_ms": -9.196759884184203,
      "control_rebuffer": 0.09100625645358479,
      "treatment_rebuffer": 0.08150967714566595,
      "rebuffer_diff": -0.009496579307918834,
      "control_cache_hit_rate": 0.8047416089504529,
      "treatment_cache_hit_rate": 0.7955475946775844,
      "treatment_total_cost_usd": 2.4517937857462964,
      "control_total_cost_usd": 2.2019893974076497,
      "latency_lift_pct": -9.758836806042053,
      "startup_lift_pct": -9.578063358809425,
      "rebuffer_lift_pct": -10.43508400190299,
      "cost_diff_usd": 0.2498043883386467
    },
    {
      "edge_pop": "MEL",
      "control_latency_ms": 39.99360297270919,
      "treatment_latency_ms": 35.88377186007712,
      "latency_diff_ms": -4.109831112632072,
      "control_startup_ms": 64.01952496383372,
      "treatment_startup_ms": 57.323000230964546,
      "startup_diff_ms": -6.696524732869172,
      "control_rebuffer": 0.09086729419683344,
      "treatment_rebuffer": 0.08202445301440302,
      "rebuffer_diff": -0.008842841182430422,
      "control_cache_hit_rate": 0.8006652858846419,
      "treatment_cache_hit_rate": 0.7970204841713222,
      "treatment_total_cost_usd": 9.818660793942012,
      "control_total_cost_usd": 9.478996273454948,
      "latency_lift_pct": -10.276221213268872,
      "startup_lift_pct": -10.460128744554433,
      "rebuffer_lift_pct": -9.731599538196196,
      "cost_diff_usd": 0.3396645204870641
    },
    {
      "edge_pop": "SYD",
      "control_latency_ms": 39.909881173554616,
      "treatment_latency_ms": 35.93985534603151,
      "latency_diff_ms": -3.9700258275231093,
      "control_startup_ms": 63.89350144203092,
      "treatment_startup_ms": 57.442118665201036,
      "startup_diff_ms": -6.451382776829881,
      "control_rebuffer": 0.09134323286193445,
      "treatment_rebuffer": 0.0815299941361829,
      "rebuffer_diff": -0.009813238725751544,
      "control_cache_hit_rate": 0.8052899540543896,
      "treatment_cache_hit_rate": 0.8014357053682897,
      "treatment_total_cost_usd": 9.582672525003986,
      "control_total_cost_usd": 9.445598040557755,
      "latency_lift_pct": -9.947475940253508,
      "startup_lift_pct": -10.097087546036382,
      "rebuffer_lift_pct": -10.74325751157098,
      "cost_diff_usd": 0.13707448444623083
    },
    {
      "edge_pop": "NRT",
      "control_latency_ms": 35.24961052109854,
      "treatment_latency_ms": 31.286684027159012,
      "latency_diff_ms": -3.962926493939527,
      "control_startup_ms": 56.26654382742955,